{
    "counter": {
        "ACTIVE": 13076,
        "INACTIVE": 7921,
        "INVALID": 3,
        "MALICIOUS": 0,
        "SANE": 0,
        "VALID": 0,
        "total": 21000
    },
    "percentage": {
        "ACTIVE": 62.95921806538591,
        "INACTIVE": 37.71904761904762,
        "INVALID": 0.05758157389635317,
        "MALICIOUS": 0,
        "SANE": 0,
        "VALID": 0,
        "total": 100.7358472583299
    }
}