{
    "counter": {
        "ACTIVE": 13164,
        "INACTIVE": 7833,
        "INVALID": 3,
        "MALICIOUS": 0,
        "SANE": 0,
        "VALID": 0,
        "total": 21000
    },
    "percentage": {
        "ACTIVE": 63.382926476960854,
        "INACTIVE": 37.3,
        "INVALID": 0.05758157389635317,
        "MALICIOUS": 0,
        "SANE": 0,
        "VALID": 0,
        "total": 100.74050805085722
    }
}