{
    "counter": {
        "ACTIVE": 13642,
        "INACTIVE": 7352,
        "INVALID": 6,
        "MALICIOUS": 0,
        "SANE": 0,
        "VALID": 0,
        "total": 21000
    },
    "percentage": {
        "ACTIVE": 64.96190476190476,
        "INACTIVE": 35.01952938934934,
        "INVALID": 0.04111842105263158,
        "MALICIOUS": 0,
        "SANE": 0,
        "VALID": 0,
        "total": 100.02255257230672
    }
}