{
    "counter": {
        "ACTIVE": 13557,
        "INACTIVE": 7440,
        "INVALID": 3,
        "MALICIOUS": 0,
        "SANE": 0,
        "VALID": 0,
        "total": 21000
    },
    "percentage": {
        "ACTIVE": 65.27516972410804,
        "INACTIVE": 35.42857142857143,
        "INVALID": 0.05758157389635317,
        "MALICIOUS": 0,
        "SANE": 0,
        "VALID": 0,
        "total": 100.76132272657583
    }
}