{
    "counter": {
        "ACTIVE": 12679,
        "INACTIVE": 8318,
        "INVALID": 3,
        "MALICIOUS": 0,
        "SANE": 0,
        "VALID": 0,
        "total": 21000
    },
    "percentage": {
        "ACTIVE": 61.04771534498531,
        "INACTIVE": 39.60952380952381,
        "INVALID": 0.05758157389635317,
        "MALICIOUS": 0,
        "SANE": 0,
        "VALID": 0,
        "total": 100.71482072840547
    }
}