{
    "counter": {
        "ACTIVE": 13343,
        "INACTIVE": 7654,
        "INVALID": 3,
        "MALICIOUS": 0,
        "SANE": 0,
        "VALID": 0,
        "total": 21000
    },
    "percentage": {
        "ACTIVE": 64.2447879050508,
        "INACTIVE": 36.44761904761905,
        "INVALID": 0.05758157389635317,
        "MALICIOUS": 0,
        "SANE": 0,
        "VALID": 0,
        "total": 100.7499885265662
    }
}