{
    "counter": {
        "ACTIVE": 12916,
        "INACTIVE": 8081,
        "INVALID": 3,
        "MALICIOUS": 0,
        "SANE": 0,
        "VALID": 0,
        "total": 21000
    },
    "percentage": {
        "ACTIVE": 62.18883913524965,
        "INACTIVE": 38.48095238095238,
        "INVALID": 0.05758157389635317,
        "MALICIOUS": 0,
        "SANE": 0,
        "VALID": 0,
        "total": 100.72737309009838
    }
}